Country;CompanyName;FullAddress;PostalCode;PhoneNumber
Singapore;ONLYOFFICE Capital Group Pte. Ltd.;;;Phone: +65 31656735
U.S.A.;Ascensio Systems Inc;13355 Noel Rd Suite 1100;75240;Phone: +1 (972) 301-8440
Latvia;Ascensio System SIA;20A-6 Ernesta Birznieka-Upish street,;LV-1050;Phone: +371 63399867
United Kingdom;Ascensio System Ltd;Suite 12, 2nd Floor, Queens House,;W1T 7PD;Phone: +44 20 3287 1086
Armenia;Ascensio Systems LLC;48/2, Garegin Nzhdeh street,;0026, Armenia;Phone: +374 33351015
Singapore;Ascensio Systems Pte. Ltd;;;Phone: +65 31656735
Uzbekistan;Ascensio System;Mustakillik avenue 6/7, Mirzo-Ulugbek district;100000;
Serbia;Ascensio Systems d.o.o. Beograd;Stevana Filipovića 113, Čukarica,;;Phone: + 381643506512
China;Ascensio Information Technologies (Shanghai) Co. Ltd.;Unit 303, No. 43, Guoqing Road;;
